letter,ID,P1,P2
RMA5,25606003,-96.34845734,-65.22052765
RMA5,25606003,-55.41465378,-36.49375534
RMA5,25606003,-77.69834137,-55.7256813
RMA5,25606003,-70.30093384,-36.73160172
RMA5,25606003,-29.54057693,-58.83745193
RMA5,25606003,-58.87770081,-41.78785706
RMA5,25606003,-30.49635506,-61.62428284
RMA5,25606003,-33.73839188,-44.11436844
RMA5,25606003,-83.36128998,-122.42379
RMA5,25606003,-87.75816345,-71.27867126
RMA5,25606003,-84.12898254,-107.3223419
RMA5,25606003,-77.69394684,-27.64512062
RMA5,25606003,-103.0440292,-52.38484955
RMA5,25606003,-52.19676971,-128.4907074
RMA5,25606003,-87.07682037,-26.65201759
RMA5,25606003,-80.58616638,-50.67893982
RMA5,25606003,-56.33383942,-67.9305191
RMA5,25606003,-72.91578674,-59.48805237
RMA5,25606003,-29.86551094,-46.9553566
RMA5,25606003,-61.57452011,-84.76787567
RMA5,25606003,-51.76205826,-54.20346451
RMA5,25606003,-29.46300125,-89.27745819
RMA5,25606003,-81.59683228,-34.59976196
RMA5,25606003,-110.7144089,-134.5181122
RMA5,25606003,-50.5325737,-64.57065582
RMA5,25606003,-90.16736603,-53.54627609
RMA5,25606003,-96.97637177,-95.75566864
RMA5,25606003,-61.73918152,-128.2675018
RMA5,25606003,-131.1326447,-130.5222931
RMA5,25606003,-135.2580109,-84.59882355
RMA5,25606003,-193.0840607,-97.25886536
RMA5,25606003,-130.4732513,-100.5660324
RMA5,25606003,-111.7236099,-65.33689117
RMA5,25606003,-125.9256287,-50.85238266
RMA5,25606003,-128.0442963,-107.9026947
RMA5,25606003,-205.4250183,-61.99239731
RMA5,25606003,-96.4253006,-63.46631622
RMA5,25606003,-81.43875885,-100.9700089
RMA5,25606003,-170.2339325,-101.2642059
RMA5,25606003,-46.95608902,-76.86331177
RMA5,25606003,-70.99472046,-110.0572205
RMA5,25606003,-87.19904327,-76.82306671
RMA5,25606003,-93.29304504,-99.39656067
RMA5,25606003,-143.0176697,-87.47567749
RMA5,25606003,-127.7639999,-135.0882111
RMA5,25606003,-141.0329285,-64.73898315
RMA5,25606003,-118.1425476,-103.4941101
RMA5,25606003,-88.09407806,-81.99056244
RMA5,25606003,-149.5778503,-66.57003784
RMA5,25606003,-111.3152466,-111.9255981
RMA5,25606003,-117.195549,-53.10863495
RMA5,25606003,-90.2105484,-114.6246109
RMA5,25606003,-149.6510315,-106.3160706
RMA5,25606003,-93.82874298,-82.84241486
RMA5,25606003,-124.6895523,-197.9317474
RMA5,25606003,-115.7648087,-85.85758209
RMA5,25606003,-93.3025589,-92.08185577
RMA5,25606003,-179.2457581,-128.5865784
RMA5,25606003,-109.1724243,-38.98199844
RMA5,25606003,-176.4398956,-100.1459579
RMA5,concatenate187,-97.1222,-69.6564
RMA5,concatenate187,-125.739,-64.0938
RMA5,concatenate187,-152.831,-89.3541
RMA5,concatenate187,-108.199,-69.1362
RMA5,concatenate187,-110.439,-85.4145
RMA5,concatenate187,-109.558,-81.4819
RMA5,concatenate187,-171.786,-74.13
RMA5,concatenate187,-146.845,-148.066
RMA5,concatenate187,-264.948,-59.8699
RMA5,concatenate187,-173.874,-70.7245
RMA5,concatenate187,-185.179,-75.9263
RMA5,concatenate187,-178.091,-63.9551
RMA5,concatenate187,-125.961,-158.31
RMA5,concatenate187,-183.196,-144.133
RMA5,concatenate187,-109.177,-177.536
RMA5,concatenate187,-205.487,-73.041
RMA5,concatenate187,-79.9006,-72.5763
RMA5,concatenate187,-178.833,-82.3975
RMA5,concatenate187,-194.161,-147.774
RMA5,concatenate187,-220.698,-87.6409
RMA5,concatenate187,-170.891,-117.181
RMA5,concatenate187,-209.073,-74.7958
RMA5,concatenate187,-141.726,-114.871
RMA5,concatenate187,-217.736,-113.366
RMA5,concatenate187,-183.369,-64.3505
RMA5,concatenate187,-181.607,-130.948
RMA5,concatenate187,-192.836,-127.529
RMA5,concatenate187,-175.615,-128.007
RMA5,concatenate187,-224.283,-127.848
RMA5,concatenate187,-121.918,-143.89
RMA5,concatenate187,-223.784,-78.5203
RMA5,concatenate187,-138.321,-77.8961
RMA5,concatenate187,-115.682,-129.721
RMA5,concatenate187,-206.063,-80.3306
RMA5,concatenate187,-139.181,-144.064
RMA5,concatenate187,-160.28,-83.3754
RMA5,concatenate187,-172.251,-69.7119
RMA5,concatenate187,-122.417,-157.817
RMA5,concatenate187,-92.3295,-95.9917
RMA5,concatenate187,-131.517,-64.9886
RMA5,concatenate187,-209.462,-127.674
RMA5,concatenate187,-115.669,-99.1891
RMA5,concatenate187,-155.993,-76.6477
RMA5,concatenate187,-185.339,-132.238
RMA5,concatenate187,-132.918,-132.308
RMA5,concatenate187,-166.147,-153.94
RMA5,concatenate187,-162.693,-71.751
RMA5,concatenate187,-136.594,-59.0793
RMA5,concatenate187,-184.194,-78.6036
RMA5,concatenate187,-61.3403,-120.544
RMA5,concatenate187,-252.713,-87.9184
RMA5,concatenate187,-114.899,-63.0188
RMA5,concatenate187,-150.792,-83.6528
RMA5,concatenate187,-179.894,-124.352
RMA5,concatenate187,-171.779,-80.8369
RMA5,concatenate187,-201.714,-85.7475
RMA5,concatenate187,-122.916,-141.227
RMA5,concatenate187,-96.5396,-69.0738
RMA5,concatenate187,-146.699,-132.051
RMA5,concatenate187,-194.487,-73.6375
RMA5,concatenate187,-119.192,-136.282
RMA5,concatenate187,-131.857,-152.609
RMA5,concatenate187,-170.67,-107.193
RMA5,concatenate187,-218.194,-113.213
RMA5,concatenate187,-217.396,-111.195
RMA5,concatenate187,-170.843,-139.715
RMA5,concatenate187,-164.212,-84.8666
RMA5,concatenate187,-199.252,-100.375
RMA5,concatenate187,-208.976,-91.1782
RMA5,concatenate187,-183.182,-139.236
RMA5,concatenate187,-97.3441,-125.42
RMA5,concatenate187,-227.807,-142.358
RMA5,concatenate187,-165.946,-96.3662
RMA5,concatenate187,-148.933,-75.0802
RMA5,concatenate187,-120.822,-95.7975
RMA5,concatenate187,-145.86,-67.1248
RMA5,concatenate187,-106.534,-76.6269
RMA5,concatenate187,-173.562,-122.903
RMA5,concatenate187,-184.902,-145.229
RMA5,concatenate187,-185.505,-60.3832
RMA5,concatenate187,-52.6706,-183.896
RMA5,concatenate187,-93.1549,-145.645
RMA5,concatenate187,-95.5963,-123.062
RMA5,concatenate187,-138.48,-153.129
RMA5,concatenate187,-87.3635,-64.7805
RMA5,concatenate187,-223.264,-85.9347
RMA5,concatenate187,-154.96,-72.5625
RMA5,concatenate187,-152.893,-85.7544
RMA5,concatenate187,-140.804,-129.818
RMA5,concatenate187,-108.192,-95.9847
RMA5,concatenate187,-154.863,-81.0103
RMA5,concatenate187,-152.401,-98.6897
RMA5,concatenate187,-190.832,-154.821
RMA5,concatenate187,-125.51,-93.1618
RMA5,concatenate187,-252.949,-130.268
RMA5,concatenate187,-154.689,-132.717
RMA5,concatenate187,-141.775,-111.257
RMA5,concatenate187,-109.329,-67.8253
RMA5,concatenate187,-130.199,-68.5536
RMA5,concatenate187,-85.5533,-174.054
RMA5,concatenate187,-140.103,-79.0683
RMA5,concatenate187,-112.95,-138.584
RMA5,concatenate187,-87.9877,-100.805
RMA5,concatenate187,-173.818,-86.5381
RMA5,concatenate187,-128.458,-71.0852
RMA5,concatenate187,-72.4168,-132.231
RMA5,concatenate187,-95.2565,-100.139
RMA5,concatenate187,-133.702,-143.467
RMA5,concatenate187,-169.823,-140.527
RMA5,concatenate187,-195.992,-159.371
RMA5,concatenate187,-124.186,-76.5783
RMA5,concatenate187,-112.339,-136.143
RMA5,concatenate187,-156.41,-81.3363
RMA5,concatenate187,-137.967,-72.6596
RMA5,concatenate187,-201.236,-83.4378
RMA5,concatenate187,-89.7702,-137.988
RMA5,concatenate187,-189.736,-94.5213
RMA5,concatenate187,-152.824,-171.134
RMA5,concatenate187,-234.784,-110.883
RMA5,concatenate187,-112.298,-108.636
RMA5,concatenate187,-140.742,-186.518
RMA5,concatenate187,-148.114,-107.221
RMA5,concatenate187,-159.434,-182.627
RMA5,concatenate187,-188.009,-120.87
RMA5,concatenate187,-127.827,-115.62
RMA5,concatenate187,-192.268,-107.429
RMA5,concatenate187,-121.481,-133.077
RMA5,concatenate187,-168.027,-101.499
RMA5,concatenate187,-113.782,-89.368
RMA5,concatenate187,-197.379,-129.02
RMA5,concatenate187,-120.905,-147.15
RMA5,concatenate187,-142.101,-128.063
RMA5,concatenate187,-239.188,-129.936
RMA5,concatenate187,-160.626,-77.0083
RMA5,concatenate187,-163.595,-167.867
RMA5,concatenate187,-127.903,-71.751
RMA5,concatenate187,-182.544,-69.0183
RMA5,concatenate187,-110.64,-67.9155
RMA5,concatenate187,-126.343,-97.0459
RMA5,concatenate187,-112.776,-140.852
RMA5,concatenate187,-58.7463,-97.1985
RMA5,concatenate187,-211.521,-116.917
RMA5,concatenate187,-180.033,-72.611
RMA5,concatenate187,-101.457,-81.9258
RMA5,concatenate187,-184.701,-138.314
RMA5,concatenate187,-204.572,-109.357
RMA5,concatenate187,-96.3801,-80.5109
RMA5,concatenate187,-94.1953,-97.247
RMA5,concatenate187,-129.769,-108.407
RMA5,concatenate187,-196.443,-120.149
RMA5,concatenate187,-263.623,-138.501
RMA5,concatenate187,-178.015,-96.8378
RMA5,concatenate187,-162.458,-99.5913
RMA5,concatenate187,-244.321,-91.1227
RMA5,concatenate187,-149.904,-65.6752
RMA5,concatenate187,-121.203,-124.255
RMA5,concatenate187,-234.528,-77.6672
RMA5,concatenate187,-120.128,-145.153
RMA5,concatenate187,-69.6217,-100.139
RMA5,concatenate187,-106.236,-192.295
RMA5,concatenate187,-144.549,-74.3589
RMA5,concatenate187,-131.177,-149.488
RMA5,concatenate187,-152.512,-126.266
RMA5,concatenate187,-161.591,-65.155
RMA5,concatenate187,-236.865,-112.353
RMA5,concatenate187,-140.977,-111.07
RMA5,concatenate187,-119.171,-110.016
RMA5,concatenate187,-133.771,-116.681
RMA5,concatenate187,-164.275,-87.9808
RMA5,concatenate187,-125.386,-109.516
RMA5,concatenate187,-120.482,-234.618
RMA5,concatenate187,-131.448,-187.6
RMA5,concatenate187,-141.719,-73.3601
RMA5,concatenate187,-190.575,-148.461
RMA5,concatenate187,-126.294,-89.6731
RMA5,concatenate187,-174.158,-103.357
RMA5,concatenate187,-202.089,-72.0839
RMA5,concatenate187,-223.77,-82.1686
RMA5,concatenate187,-119.997,-91.31
RMA5,concatenate187,-226.628,-96.6228
RMA5,concatenate187,-190.568,-100.236
RMA5,concatenate187,-102.789,-145.513
RMA5,concatenate187,-120.718,-250.112
RMA5,concatenate187,-180.026,-117.77
RMA5,concatenate187,-173.721,-115.738
RMA5,concatenate187,-160.613,-164.275
RMA5,concatenate187,-186.684,-167.763
RMA5,concatenate187,-117.208,-134.298
RMA5,concatenate187,-236.865,-104.419
RMA5,concatenate187,-201.839,-87.7034
RMA5,concatenate187,-194.563,-172.591
RMA5,concatenate187,-248.101,-144.341
RMA5,concatenate187,-132.987,-209.281
RMA5,concatenate187,-167.077,-106.042
RMA5,concatenate187,-202.886,-206.549
RMA5,concatenate187,-195.77,-92.0105
RMA5,concatenate187,-251.86,-231.108
RMA5,concatenate187,-176.842,-161.584
RMA5,concatenate187,-188.994,-187.773
RMA5,concatenate187,-262.278,-123.728
RMA5,concatenate187,-271.731,-172.244
RMA5,concatenate187,-264.463,-143.613
RMA5,concatenate187,-234.833,-145.721
RMA5,concatenate187,-187.357,-124.491
RMA5,concatenate187,-130.941,-162.069
RMA5,concatenate187,-211.272,-150.847
RMA5,concatenate187,-229.673,-136.289
RMA5,concatenate187,-181.212,-118.346
RMA5,concatenate187,-221.53,-99.4596
RMA5,concatenate187,-189.015,-135.304
RMA5,concatenate187,-166.64,-175.795
RMA5,concatenate187,-131.024,-106
RMA5,concatenate187,-174.672,-179.554
RMA5,concatenate187,-217.375,-106.902
RMA5,concatenate187,-168.936,-161.001
RMA5,concatenate187,-141.678,-128.86
RMA5,concatenate187,-158.046,-97.6216
RMA5,concatenate187,-150.431,-145.548
RMA5,concatenate187,-191.019,-151.957
RMA5,concatenate187,-295.486,-156.326
RMA5,concatenate187,-234.736,-85.8099
RMA5,concatenate187,-192.143,-129.887
RMA5,concatenate187,-214.705,-184.798
RMA5,concatenate187,-220.399,-150.819
RMA5,concatenate187,-166.792,-162.52
RMA5,concatenate187,-206.493,-186.351
RMA5,concatenate187,-175.15,-206.888
RMA5,concatenate187,-192.573,-212.104
RMA5,concatenate187,-222.244,-152.664
RMA5,concatenate187,-195.514,-149.737
RMA5,concatenate187,-179.457,-144.057
RMA5,concatenate187,-154.502,-136.802
RMA5,concatenate187,-119.247,-115.585
RMA5,concatenate187,-162.52,-202.803
RMA5,concatenate187,-245.257,-112.201
RMA5,concatenate187,-185.998,-139.611
RMA5,concatenate187,-225.899,-97.7256
RMA5,concatenate187,-190.693,-119.282
RMA5,concatenate187,-197.435,-192.552
RMA5,concatenate187,-151.763,-142.607
RMA5,concatenate187,-410.135,-286.234
RMA5,concatenate187,-253.573,-118.686
RMA5,concatenate187,-120.877,-148.954
RMA5,concatenate187,-230.949,-144.279
RMA5,concatenate187,-221.981,-149.959
RMA5,concatenate187,-157.048,-153.386
RMA5,concatenate187,-231.524,-87.4814
RMA5,concatenate187,-216.162,-196.02
RMA5,concatenate187,-206.444,-258.324
RMA5,concatenate187,-270.968,-155.002
RMA5,concatenate187,-164.816,-95.846
RMA5,concatenate187,-138.342,-213.415
RMA5,concatenate187,-146.949,-207.984
RMA5,concatenate187,-234.59,-180.269
RMA5,concatenate187,-245.722,-114.496
RMA5,concatenate187,-244.883,-153.94
RMA5,concatenate187,-120.558,-104.079
RMA5,concatenate187,-145.943,-165.475
RMA5,concatenate187,-136.289,-153.379
RMA5,concatenate187,-202.921,-148.6
RMA5,concatenate187,-203.427,-94.1745
RMA5,concatenate187,-211.764,-120.212
RMA5,concatenate187,-190.478,-100.757
RMA5,concatenate187,-129.936,-213.554
RMA5,concatenate187,-296.242,-98.4885
RMA5,concatenate187,-269.727,-95.1663
RMA5,concatenate187,-195.222,-159.822
RMA5,concatenate187,-142.677,-204.932
RMA5,concatenate187,-346.388,-123.61
RMA5,concatenate187,-182.682,-97.2332
RMA5,concatenate187,-165.475,-172.188
RMA5,concatenate187,-218.617,-92.8844
RMA5,concatenate187,-225.254,-206.334
RMA5,concatenate187,-159.357,-111.139
RMA5,concatenate187,-170.961,-155.092
RMA5,concatenate187,-243.239,-251.784
RMA5,concatenate187,-212.097,-135.193
RMA5,concatenate187,-114.878,-151.499
RMA5,concatenate187,-179.319,-142.087
RMA5,concatenate187,-280.831,-134.957
RMA5,concatenate187,-208.435,-120.544
RMA5,concatenate187,-151.263,-170.794
RMA5,concatenate187,-259.594,-116.771
RMA5,concatenate187,-147.136,-181.926
RMA5,concatenate187,-154.176,-126.71
RMA5,concatenate187,-128.319,-204.003
RMA5,concatenate187,-177.481,-217.764
RMA5,concatenate187,-180.192,-150.896
RMA5,concatenate187,-189.334,-164.309
RMA5,concatenate187,-220.968,-216.085
RMA5,concatenate187,-163.283,-195.632
RMA5,concatenate187,-158.504,-168.27
RMA5,concatenate187,-180.81,-119.775
RMA5,concatenate187,-262.867,-109.059
RMA5,concatenate187,-229.36,-185.415
RMA5,concatenate187,-213.554,-93.3144
RMA5,concatenate187,-211.362,-187.558
RMA5,concatenate187,-227.127,-143.509
RMA5,concatenate187,-228.528,-100.354
RMA5,concatenate187,-262.708,-95.4715
RMA6,25606014,-100.8846893,-72.19816589
RMA6,25606014,-105.2213974,-126.5837021
RMA6,25606014,-34.54911041,-88.87039948
RMA6,25606014,-110.4415054,-99.45517731
RMA6,25606014,-108.6104507,-27.43369675
RMA6,25606014,-110.6583481,-100.8927231
RMA6,25606014,-111.6300888,-121.3957138
RMA6,25606014,-40.29926682,-111.7103958
RMA6,25606014,-30.91109467,-123.0741806
RMA6,25606014,-109.5018921,-96.68450928
RMA6,25606014,-115.0512695,-82.09228516
RMA6,25606014,-89.35225677,-85.6901474
RMA6,25606014,-101.3826065,-94.66873932
RMA6,25606014,-93.19104767,-102.9566727
RMA6,25606014,-103.0691071,-104.9001617
RMA6,25606014,-72.64789581,-98.28266144
RMA6,25606014,-114.6497192,-104.2737427
RMA6,25606014,-106.1369247,-112.2404404
RMA6,25606014,-43.73650742,-109.65448
RMA6,25606014,-119.2755432,-104.6271057
RMA6,25606014,-112.1520996,-103.6071777
RMA6,25606014,-101.3906403,-104.4423981
RMA6,25606014,-112.1601334,-110.3290787
RMA6,25606014,-108.2892151,-78.38198853
RMA6,25606014,-113.4611435,-106.7472763
RMA6,25606014,-119.934082,-114.440918
RMA6,25606014,-122.4156418,-118.7535324
RMA6,25606014,-115.1155167,-80.3254776
RMA6,25606014,-117.9664993,-100.266304
RMA6,25606014,-111.6943359,-107.421875
RMA6,25606014,-115.2520447,-98.16220093
RMA6,25606014,-101.5432281,-122.2951813
RMA6,25606014,-115.5090332,-127.1057129
RMA6,25606014,-96.61222839,-133.8436737
RMA6,25606014,-106.7472763,-102.4748154
RMA6,25606014,-99.15000153,-77.78769684
RMA6,25606014,-29.16838074,-89.59318542
RMA6,25606014,-80.88764191,-108.9638138
RMA6,25606014,-111.0679245,-116.5610886
RMA6,25606014,-100.5473862,-111.5337143
RMA6,25606014,-89.88230133,-43.49557877
RMA6,25606014,-74.62351227,-61.19577408
RMA6,25606014,-51.31771851,-82.44564819
RMA6,25606014,-101.2942657,-85.42512512
RMA6,25606014,-87.07147217,-40.07439804
RMA6,25606014,-81.20085144,-106.8356171
RMA6,25606014,-32.17998123,-101.7600632
RMA6,25606014,-111.7826767,-101.4067001
RMA6,25606014,-111.7425232,-105.028656
RMA6,25606014,-44.49141693,-109.7990341
RMA6,25606014,-113.1720276,-58.85073853
RMA6,25606014,-105.5908203,-87.28027344
RMA6,25606014,-107.9920731,-111.6541824
RMA6,25606014,-115.3805389,-102.5631561
RMA6,25606014,-94.0102005,-93.39984894
RMA6,25606014,-82.47776794,-110.5539398
RMA6,25606014,-56.18446732,-92.80556488
RMA6,25606014,-110.2407379,-118.1753082
RMA6,25606014,-110.1283035,-66.18299103
RMA6,25606014,-95.64048004,-85.26450348
RMA6,concatenate188,-85.6499939,-91.75350952
RMA6,concatenate188,-116.2318192,-116.2318192
RMA6,concatenate188,-82.40549469,-120.8576431
RMA6,concatenate188,-99.92097473,-77.94831848
RMA6,concatenate188,-34.83822632,-117.2356873
RMA6,concatenate188,-112.9712524,-109.9194946
RMA6,concatenate188,-112.1761932,-107.2933807
RMA6,concatenate188,-76.65533447,-103.5108032
RMA6,concatenate188,-114.5533524,-75.49085236
RMA6,concatenate188,-77.09703827,-120.4319992
RMA6,concatenate188,-76.16545105,-87.76213074
RMA6,concatenate188,-92.42007446,-113.1720276
RMA6,concatenate188,-110.3210449,-107.8796387
RMA6,concatenate188,-112.128006,-71.23445129
RMA6,concatenate188,-104.8278809,-124.3591309
RMA6,concatenate188,-129.8844147,-71.2906723
RMA6,concatenate188,-106.8918304,-115.4367523
RMA6,concatenate188,-105.0366821,-83.06402588
RMA6,concatenate188,-28.50181198,-125.5477066
RMA6,concatenate188,-108.6425781,-28.68652344
RMA6,concatenate188,-107.2371597,-117.0027847
RMA6,concatenate188,-105.1410904,-82.55808258
RMA6,concatenate188,-25.82750893,-111.8870773
RMA6,concatenate188,-60.81029129,-118.1833344
RMA6,concatenate188,-114.1839294,-58.64193726
RMA6,concatenate188,-26.16480827,-111.6140289
RMA6,concatenate188,-34.79003906,-110.4736328
RMA6,concatenate188,-88.01911926,-52.00837708
RMA6,concatenate188,-105.6149139,-87.30436707
RMA6,concatenate188,-120.4962463,-71.66812134
RMA6,concatenate188,-32.87064362,-111.6059952
RMA6,concatenate188,-89.81002045,-74.55123138
RMA6,concatenate188,-73.46705627,-116.8020172
RMA6,concatenate188,-77.02475739,-114.8665543
RMA6,concatenate188,-107.124733,-30.22043419
RMA6,concatenate188,-77.11309814,-94.20294189
RMA6,concatenate188,-109.9114685,-41.55209351
RMA6,concatenate188,-102.8602982,-96.14643097
RMA6,concatenate188,-105.3338318,-96.78890991
RMA6,concatenate188,-100.6678543,-90.29187775
RMA6,concatenate188,-88.58128357,-70.88108826
RMA6,concatenate188,-91.48045349,-98.19432068
RMA6,concatenate188,-102.5069351,-21.33018112
RMA6,concatenate188,-107.5824966,-94.76511383
RMA6,concatenate188,-95.07831573,-108.5060501
RMA6,concatenate188,-101.3344193,-66.54438019
RMA6,concatenate188,-60.68179321,-91.19937134
RMA6,concatenate188,-24.1811657,-100.4751129
RMA6,concatenate188,-82.31715393,-77.43434143
RMA6,concatenate188,-112.8266983,-104.892128
RMA6,concatenate188,-96.74875641,-111.3971939
RMA6,concatenate188,-96.72466278,-90.01079559
RMA6,concatenate188,-101.3344193,-99.50336456
RMA6,concatenate188,-88.30020142,-121.2591858
RMA6,concatenate188,-117.5007095,-105.9040298
RMA6,concatenate188,-65.00244141,-107.7270508
RMA6,concatenate188,-80.11667633,-105.751442
RMA6,concatenate188,-97.55987549,-24.3176918
RMA6,concatenate188,-94.13869476,-83.15236664
RMA6,concatenate188,-93.51228333,-104.4986115
RMA6,concatenate188,-62.60118866,-63.21154022
RMA6,concatenate188,-78.96022034,-52.71509933
RMA6,concatenate188,-99.05363464,-101.4950409
RMA6,concatenate188,-99.35077667,-87.14374542
RMA6,concatenate188,-102.5711899,-94.63661957
RMA6,concatenate188,-102.3463211,-91.35999298
RMA6,concatenate188,-104.8278809,-85.29663086
RMA6,concatenate188,-66.35163879,-46.21003723
RMA6,concatenate188,-56.92331314,-110.6342545
RMA6,concatenate188,-81.5220871,-110.2086105
RMA6,concatenate188,-97.95339203,-99.17409515
RMA6,concatenate188,-105.0447159,-101.3826065
RMA6,concatenate188,-88.99889374,-102.4266281
RMA6,concatenate188,-93.31954193,-111.0197372
RMA6,concatenate188,-98.00961304,-88.8543396
RMA6,concatenate188,-71.57978058,-85.61786652
RMA6,concatenate188,-22.71150208,-97.78474426
RMA6,concatenate188,-94.84542084,-66.76924896
RMA6,concatenate188,-56.60207748,-73.08156586
RMA6,concatenate188,-34.62138748,-71.85283661
RMA6,concatenate188,-90.65326691,-94.31537628
RMA6,concatenate188,-84.91114807,-88.57325745
RMA6,concatenate188,-90.0911026,-88.26004791
RMA6,concatenate188,-45.78439713,-84.84690094
RMA6,concatenate188,-94.32341003,-93.71305847
RMA6,concatenate188,-86.25231171,-85.64196014
RMA6,concatenate188,-54.16870117,-63.93432617
RMA6,concatenate188,-98.67617798,-75.4828186
RMA6,concatenate188,-48.85221863,-103.1735077
RMA6,concatenate188,-95.29515076,-95.29515076
RMA6,concatenate188,-89.35225677,-76.53487396
RMA6,concatenate188,-92.20323944,-92.813591
RMA6,concatenate188,-91.62501526,-91.0146637
RMA6,concatenate188,-80.43791199,-86.54142761
RMA6,concatenate188,-81.21691132,-89.15148163
RMA6,concatenate188,-90.67736053,-127.9088058
RMA6,concatenate188,-94.4920578,-100.5955734
RMA6,concatenate188,-89.25588226,-77.65920258
RMA6,concatenate188,-86.52536774,-93.23923492
RMA6,concatenate188,-97.2145462,-55.71064377
RMA6,concatenate188,-94.33144379,-83.34511566
RMA6,concatenate188,-92.87783813,-61.13955688
RMA6,concatenate188,-31.46522903,-95.55214691
RMA6,concatenate188,-49.4465065,-38.46017838
RMA6,concatenate188,-31.38492012,-72.88882446
RMA6,concatenate188,-91.68122864,-86.79841614
RMA6,concatenate188,-39.52026367,-74.9206543
RMA6,concatenate188,-49.46257019,-111.7184296
RMA6,concatenate188,-67.97389221,-66.14283752
RMA6,concatenate188,-80.04439545,-90.42037201
RMA6,concatenate188,-85.01554871,-66.09465027
RMA6,concatenate188,-88.10746002,-74.67972565
RMA6,concatenate188,-87.4087677,-83.13630676
RMA6,concatenate188,-85.30466461,-26.10056114
RMA6,concatenate188,-82.44564819,-67.18685913
RMA6,concatenate188,-79.74725342,-79.74725342
RMA6,concatenate188,-83.83499908,-74.67972565
RMA6,concatenate188,-30.08390808,-95.39152527
RMA6,concatenate188,-82.88735199,-70.68032074
RMA6,concatenate188,-80.04439545,-44.03365326
RMA6,concatenate188,-81.20888519,-72.05361176
RMA6,concatenate188,-61.17168045,-72.15801239
RMA6,concatenate188,-28.01192474,-76.84004974
RMA6,concatenate188,-48.38642502,-85.00751495
RMA6,concatenate188,-70.51166534,-76.61518097
RMA6,concatenate188,-71.37097931,-72.59168243
RMA6,concatenate188,-69.67645264,-66.62469482
RMA6,concatenate188,-69.86919403,-77.19341278
RMA6,concatenate188,-63.85401535,-63.24366379
RMA6,concatenate188,-58.81058502,-107.0283585
RMA6,concatenate188,-68.68864441,-60.14372253
RMA6,concatenate188,-70.24664307,-66.58453369
RMA6,concatenate188,-65.01047516,-81.48996735
RMA6,concatenate188,-74.19786835,-78.47032928
RMA6,concatenate188,-76.91233063,-75.6916275
RMA6,concatenate188,-68.64849091,-59.49321365
RMA6,concatenate188,-77.61102295,-68.45574951
RMA6,concatenate188,-70.31892395,-75.81208801
RMA6,concatenate188,-62.49678802,-75.9245224
RMA6,concatenate188,-45.17404556,-66.53635406
RMA6,concatenate188,-65.7171936,-54.73086548
RMA6,concatenate188,-42.48368073,-58.35282135
RMA6,concatenate188,-60.57739258,-74.00512695
RMA6,concatenate188,-26.67075729,-32.77427292
RMA6,concatenate188,-53.95989609,-58.23235703
RMA6,concatenate188,-69.93344116,-44.9090271
RMA6,concatenate188,-63.24366379,-57.75049973
RMA6,concatenate188,-59.15591431,-57.32485962
RMA6,concatenate188,-15.77276897,-69.48370361
RMA6,concatenate188,-56.32902527,-68.53605652
RMA6,concatenate188,-57.42926407,-66.58453369
RMA6,concatenate188,-20.51905632,-65.07472229
RMA6,concatenate188,-29.99556732,-60.51314545
RMA6,concatenate188,-51.56667709,-47.29421616
RMA6,concatenate188,-50.4102211,-48.57916641
RMA6,concatenate188,-35.19158554,-52.28142929
RMA6,concatenate188,-55.7748909,-61.87840652
RMA6,concatenate188,-50.73145676,-63.54883957
RMA6,concatenate188,-42.76476288,-66.56847382
RMA6,concatenate188,-15.8932333,-18.94499207
RMA6,concatenate188,-41.53602982,-56.18446732
RMA6,concatenate188,-58.56965637,-53.68684387
RMA6,concatenate188,-47.26209259,-51.53455353
RMA6,concatenate188,-30.19634056,-62.54497147
RMA6,concatenate188,-40.21895599,-61.58126068
RMA6,concatenate188,-62.69755936,-41.33525467
RMA6,concatenate188,-55.95960236,-49.24573517
RMA6,concatenate188,-13.21089935,-65.70113373
RMA6,concatenate188,-23.8920517,-29.38521576
RMA6,concatenate188,-37.51252747,-43.00569153
RMA6,concatenate188,-16.91316223,-59.02742004
RMA6,concatenate188,-50.28172684,-63.09910965
RMA6,concatenate188,-25.28943443,-32.00330353
RMA6,concatenate188,-54.12854767,-57.18030548
RMA6,concatenate188,-40.28320313,-54.32128906
RMA6,concatenate188,-16.30281067,-31.56159973
RMA6,concatenate188,-31.96314812,-46.61158371
RMA6,concatenate188,-49.61515808,-16.04582214
RMA6,concatenate188,-53.37363815,-50.32188034
RMA6,concatenate188,-15.15438652,-35.29598999
RMA6,concatenate188,-25.01638222,-28.06814003
RMA6,concatenate188,-33.12763596,-44.72431564
RMA6,concatenate188,-20.0532608,-57.89505768
RMA6,concatenate188,-26.24511719,-53.10058594
RMA6,concatenate188,-19.86854935,-64.42421722
RMA6,concatenate188,-27.98783112,-56.06400299
RMA6,concatenate188,-59.71005249,-46.28231812
RMA6,concatenate188,-19.73202324,-45.36679077
RMA6,concatenate188,-22.93636894,-12.56039238
RMA6,concatenate188,-6.232010841,-25.15290833
RMA6,concatenate188,-40.24304962,-31.69812584
RMA6,concatenate188,-9.837903023,-12.88966084
RMA6,concatenate188,-14.43963337,-55.94353867
RMA6,concatenate188,-48.65947342,-51.71123123
RMA6,concatenate188,-21.08122253,-52.81950378
RMA6,concatenate188,-32.83852005,-11.47621536
RMA6,concatenate188,-14.84117985,-27.04821205
RMA6,concatenate188,-56.3932724,-58.83467865
RMA6,concatenate188,-21.91643906,-29.24065781
RMA6,concatenate188,-34.38849258,-23.40216446
RMA6,concatenate188,-9.853965759,-38.5404892
RMA6,concatenate188,-13.9256525,-37.72936249
RMA6,concatenate188,-6.344443798,-15.49971771
RMA6,concatenate188,-26.70288086,-31.58569336
RMA6,concatenate188,-17.25046349,-34.95065689
RMA6,concatenate188,-10.61690521,-31.36885834
RMA6,concatenate188,-30.42923737,-31.03958893
RMA6,concatenate188,-31.89086914,-39.82543945
RMA6,concatenate188,-22.01281166,-39.1026535
RMA6,concatenate188,-11.48424625,-29.79479408
RMA6,concatenate188,-32.42090988,-33.64161301
RMA6,concatenate188,-19.12970352,-16.07794571
RMA6,concatenate188,-25.05653763,-51.91200638
RMA6,concatenate188,-25.39383698,-27.83524323
RMA6,concatenate188,-28.95154381,-45.4310379
RMA6,concatenate188,-7.171630859,-32.19604492
RMA6,concatenate188,-19.22607422,-24.71923828
RMA6,concatenate188,-29.88313293,-29.88313293
RMA6,concatenate188,-19.77217865,-30.75850677
RMA6,concatenate188,-13.4036417,-30.4934845
RMA6,concatenate188,-15.69246006,-29.12019348
RMA6,concatenate188,-32.0193634,-16.15022278
RMA6,concatenate188,-22.55088425,-26.82334518
RMA6,concatenate188,-25.56248665,-19.45897102
RMA6,concatenate188,-19.41881752,-11.48424625
RMA6,concatenate188,-20.94469643,-20.33434486
RMA6,concatenate188,-6.063360691,-40.24304962
RMA6,concatenate188,-12.06247425,-1.686497688
RMA6,concatenate188,-7.557116032,-11.82957745
RMA6,concatenate188,-14.31916904,-37.51252747
RMA6,concatenate188,-12.31946468,-15.3712225
RMA6,concatenate188,-22.06902695,-31.22430038
RMA6,concatenate188,-13.71684837,-41.18266678
RMA6,concatenate188,-9.853965759,-29.38521576
RMA6,concatenate188,-28.89532852,-30.11603165
RMA6,concatenate188,-13.1145277,-35.08718491
RMA6,concatenate188,-30.94321823,-38.87778854
RMA6,concatenate188,-34.44470978,-34.44470978
RMA6,concatenate188,-19.65171432,-13.5481987
RMA6,concatenate188,-33.31234741,-36.36410522
RMA6,concatenate188,-31.64191055,-43.23859024
RMA6,concatenate188,-15.46759319,-49.64728165
RMA6,concatenate188,-24.43815613,-39.69694519
RMA6,concatenate188,-28.11632729,-43.985466
RMA6,concatenate188,-45.16601563,-53.10058594
RMA6,concatenate188,-24.40603065,-7.316187859
RMA6,concatenate188,-26.67878723,-19.96492004
RMA6,concatenate188,-27.11245918,-38.70913696
RMA6,concatenate188,-28.12435722,-31.17611504
RMA6,concatenate188,-13.36348724,-20.68770599
RMA6,concatenate188,-19.12167168,-37.43222046
RMA6,concatenate188,-7.420589924,-31.83465195
RMA6,concatenate188,-20.74392128,-30.50954628
RMA6,concatenate188,-25.00032043,-35.98664856
RMA6,concatenate188,-15.11423206,-20.60739708
RMA6,concatenate188,-27.6184082,-37.3840332
RMA6,concatenate188,-29.62614441,-43.05387878
RMA6,concatenate188,-18.88074303,-31.69812584
RMA6,concatenate188,-9.267706871,-43.44739532
RMA6,concatenate188,-14.68859196,-23.23351479
RMA6,concatenate188,-9.701377869,-30.45333099
RMA6,concatenate188,-28.54196739,-15.72458363
RMA6,concatenate188,-19.59549713,-7.998817921
RMA6,concatenate188,-6.320351124,-30.12406158
RMA6,concatenate188,-10.27960491,-21.26593399
RMA6,concatenate188,-4.047594547,-13.81322002
RMA6,concatenate188,-23.72340202,-28.60621452
RMA6,concatenate188,-8.625231743,-36.70140457
RMA6,concatenate188,-0.66656816,-15.3150053
RMA6,concatenate188,-11.42803001,-30.95928001
RMA6,concatenate188,-17.06575012,-20.11750793
RMA6,concatenate188,-20.71179771,-6.063360691
RMA6,concatenate188,-13.33939362,-21.27396393
RMA6,concatenate188,-16.93725586,-27.92358398
RMA6,concatenate188,-5.838494778,-13.16271305
RMA6,concatenate188,-14.33523083,-15.55593395
RMA6,concatenate188,-14.88133526,-23.42625618
RMA6,concatenate188,-26.0925293,-9.613037109
RMA6,concatenate188,-14.43963337,-9.556820869
RMA6,concatenate188,-9.669253349,-24.3176918
RMA6,concatenate188,-23.6993084,-24.30965996
RMA6,concatenate188,-10.03867722,-18.58359909
RMA6,concatenate188,-7.356342316,-10.40810013
RMA6,concatenate188,-21.82006836,-16.3269043
RMA6,concatenate188,-12.88966084,-19.60352898
RMA6,concatenate188,-14.55206585,-12.72101116
RMA6,concatenate188,-16.73648262,-11.24331856
RMA6,concatenate188,-10.52856445,-6.256103516
RMA6,concatenate188,-3.935161352,-17.97324753
RMA6,concatenate188,-0.939620197,-9.484541893
RMA6,concatenate188,-14.85724163,-13.63653851
RMA6,concatenate188,-8.022911072,-19.61959076
RMA6,concatenate188,-18.63178444,-10.69721413
RMA6,concatenate188,-13.17877483,-21.1133461
RMA6,concatenate188,-15.53987217,-14.31916904
RMA6,concatenate188,-17.57170105,-23.06486511
RMA6,concatenate188,-25.4179306,-22.36617279
RMA6,concatenate188,-13.91762161,-12.08656693
RMA6,concatenate188,-7.091321468,-13.19483662
RMA6,concatenate188,-11.90185547,-19.83642578
RMA7,25606025,-160.2975922,-131.0007172
RMA7,25606025,-106.0887375,-107.9197922
RMA7,25606025,-97.65625,-93.99414063
RMA7,25606025,-157.2056885,-54.05626678
RMA7,25606025,-84.284729,-108.0884399
RMA7,25606025,-153.4070435,-96.03399658
RMA7,25606025,-147.5926514,-55.4295578
RMA7,25606025,-112.8026047,-65.1951828
RMA7,25606025,-90.39627838,-40.34745026
RMA7,25606025,-137.7467041,-90.74964142
RMA7,25606025,-70.31892395,-49.56697083
RMA7,25606025,-150.2589111,-55.04407501
RMA7,25606025,-181.3226013,-47.65560913
RMA7,25606025,-73.87663269,-9.179366112
RMA7,25606025,-67.63658905,-47.49498749
RMA7,25606025,-193.2646027,-40.0663681
RMA7,25606025,-29.5297718,-15.49168682
RMA7,25606025,-27.18473816,-179.7726288
RMA7,25606025,-96.51585388,-84.91917419
RMA7,25606025,-24.4140625,-19.53125
RMA7,25606025,-21.57913971,-19.13773346
RMA7,25606025,-123.5961914,-57.06787109
RMA7,25606025,-150.4677277,-80.27729034
RMA7,25606025,-139.9953766,-66.14283752
RMA7,25606025,-104.811821,-38.28349686
RMA7,25606025,-95.91353607,-39.15084076
RMA7,25606025,-159.8880157,-35.376297
RMA7,25606025,-24.95213509,-123.8290863
RMA7,25606025,-80.63868713,-58.05567551
RMA7,25606025,-23.3138237,-52.00034714
RMA7,25606025,-22.88818359,-16.17431641
RMA7,25606025,-24.27753639,-14.51191139
RMA7,25606025,-18.78437233,-16.95331764
RMA7,25606025,-23.35397911,-20.3022213
RMA7,25606025,-20.23797226,-45.87273788
RMA7,25606025,-126.2383728,-63.37216187
RMA7,25606025,-21.9244709,-16.43130684
RMA7,25606025,-25.2251873,-19.73202324
RMA7,25606025,-24.43012428,-16.49555397
RMA7,25606025,-21.04909706,-15.55593395
RMA7,25606025,-23.28973007,-16.57586288
RMA7,25606025,-29.84297943,-15.19454193
RMA7,25606025,-24.63089752,-17.91703033
RMA7,25606025,-29.45749474,-15.41940784
RMA7,25606025,-23.9322052,-17.21833801
RMA7,25606025,-32.6939621,-18.65587807
RMA7,25606025,-21.53898621,-153.9852753
RMA7,25606025,-135.9236908,-54.74692917
RMA7,25606025,-123.6524048,-65.66900635
RMA7,25606025,-71.58781433,-28.86320496
RMA7,25606025,-20.18978691,-121.5081482
RMA7,25606025,-17.50745201,-13.84534359
RMA7,25606025,-26.01222038,-127.3305817
RMA7,25606025,-130.5269012,-66.43997955
RMA7,25606025,-113.2362747,-63.79780197
RMA7,25606025,-25.610672,-13.4036417
RMA7,25606025,-21.39442825,-13.45985794
RMA7,25606025,-22.20555305,-107.6547699
RMA7,25606025,-23.28973007,-59.91082382
RMA7,25606025,-22.72756386,-110.0078354
RMA7,concatenate189,-196.373,-75.523
RMA7,concatenate189,-94.0985,-23.2978
RMA7,concatenate189,-22.4545,-103.021
RMA7,concatenate189,-25.7472,-144.155
RMA7,concatenate189,-26.221,-22.5589
RMA7,concatenate189,-25.9399,-21.0571
RMA7,concatenate189,-23.6752,-19.4028
RMA7,concatenate189,-21.555,-20.3343
RMA7,concatenate189,-158.322,-105.221
RMA7,concatenate189,-57.4694,-19.0173
RMA7,concatenate189,-147.601,-43.2306
RMA7,concatenate189,-26.743,-18.1981
RMA7,concatenate189,-22.9524,-21.1214
RMA7,concatenate189,-23.2978,-26.3495
RMA7,concatenate189,-20.0051,-21.8361
RMA7,concatenate189,-23.9242,-15.9896
RMA7,concatenate189,-23.6592,-12.6728
RMA7,concatenate189,-21.4185,-23.2496
RMA7,concatenate189,-17.8126,-19.0333
RMA7,concatenate189,-16.6321,-17.2424
RMA7,concatenate189,-20.1898,-13.4759
RMA7,concatenate189,-19.7561,-16.7044
RMA7,concatenate189,-20.6395,-18.8085
RMA7,concatenate189,-19.981,-19.3706
RMA7,concatenate189,-25.177,-20.9045
RMA7,concatenate189,-22.8882,-22.2778
RMA7,concatenate189,-19.989,-16.9373
RMA7,concatenate189,-20.0693,-20.0693
RMA7,concatenate189,-18.0857,-20.5271
RMA7,concatenate189,-21.9245,-15.2106
RMA7,concatenate189,-26.486,-19.1618
RMA7,concatenate189,-20.3825,-17.9411
RMA7,concatenate189,-18.431,-14.7689
RMA7,concatenate189,-23.2335,-20.1818
RMA7,concatenate189,-22.0449,-133.129
RMA7,concatenate189,-145.135,-84.7104
RMA7,concatenate189,-12.5283,-97.3671
RMA7,concatenate189,-23.9242,-20.2621
RMA7,concatenate189,-22.2537,-20.4227
RMA7,concatenate189,-16.351,-14.5199
RMA7,concatenate189,-20.0854,-14.5922
RMA7,concatenate189,-21.3864,-20.776
RMA7,concatenate189,-24.5104,-23.2897
RMA7,concatenate189,-146.757,-85.1119
RMA7,concatenate189,-41.3112,-19.3385
RMA7,concatenate189,-28.6223,-204.404
RMA7,concatenate189,-119.653,-17.7243
RMA7,concatenate189,-85.8347,-55.9275
RMA7,concatenate189,-19.5794,-128.222
RMA7,concatenate189,-134.47,-21.555
RMA7,concatenate189,-22.3581,-130.39
RMA7,concatenate189,-20.1657,-22.6071
RMA7,concatenate189,-22.7597,-19.7079
RMA7,concatenate189,-19.8605,-13.757
RMA7,concatenate189,-19.0092,-142.3
RMA7,concatenate189,-21.5711,-28.8953
RMA7,concatenate189,-17.1942,-19.6357
RMA7,concatenate189,-20.0533,-143.344
RMA7,concatenate189,-109.301,-11.0345
RMA7,concatenate189,-21.4506,-85.5376
RMA7,concatenate189,-24.5586,-20.8965
RMA7,concatenate189,-26.3897,-16.0137
RMA7,concatenate189,-23.9483,-23.9483
RMA7,concatenate189,-23.5066,-16.7927
RMA7,concatenate189,-158.579,-23.6913
RMA7,concatenate189,-111.293,-15.4676
RMA7,concatenate189,-132.591,-50.1934
RMA7,concatenate189,-27.5783,-129.507
RMA7,concatenate189,-23.7073,-122.584
RMA7,concatenate189,-24.4382,-90.3561
RMA7,concatenate189,-13.5964,-124.68
RMA7,concatenate189,-143.802,-16.8489
RMA7,concatenate189,-22.2216,-14.287
RMA7,concatenate189,-21.282,-113.445
RMA7,concatenate189,-22.3581,-19.3064
RMA7,concatenate189,-36.6211,-132.446
RMA7,concatenate189,-23.8117,-20.1496
RMA7,concatenate189,-20.8564,-146.589
RMA7,concatenate189,-22.9042,-21.0732
RMA7,concatenate189,-23.1131,-132.976
RMA7,concatenate189,-18.5675,-107.679
RMA7,concatenate189,-84.5658,-19.2582
RMA7,concatenate189,-147.071,-17.0658
RMA7,concatenate189,-18.2302,-20.6716
RMA7,concatenate189,-21.4506,-136.807
RMA7,concatenate189,-89.1515,-20.7921
RMA7,concatenate189,-103.342,-52.0726
RMA7,concatenate189,-14.6806,-10.4081
RMA7,concatenate189,-20.8804,-15.3873
RMA7,concatenate189,-20.0613,-189.739
RMA7,concatenate189,-20.8724,-63.597
RMA7,concatenate189,-81.0884,-17.6119
RMA7,concatenate189,-18.4149,-106.916
RMA7,concatenate189,-18.2543,-114.69
RMA7,concatenate189,-21.3302,-12.1749
RMA7,concatenate189,-25.7793,-139.915
RMA7,concatenate189,-22.9444,-14.3995
RMA7,concatenate189,-20.1577,-17.1059
RMA7,concatenate189,-22.6232,-18.9611
RMA7,concatenate189,-19.1538,-12.4399
RMA7,concatenate189,-17.6199,-22.5027
RMA7,concatenate189,-20.7841,-21.3944
RMA7,concatenate189,-20.6556,-125.026
RMA7,concatenate189,-21.4266,-113.59
RMA7,concatenate189,-117.34,-23.3459
RMA7,concatenate189,-19.997,-16.3349
RMA7,concatenate189,-19.9248,-161.526
RMA7,concatenate189,-22.5268,-18.2543
RMA7,concatenate189,-25.2332,-122.279
RMA7,concatenate189,-20.9688,-20.3584
RMA7,concatenate189,-21.2017,-175.01
RMA7,concatenate189,-23.8599,-17.7564
RMA7,concatenate189,-23.0327,-139
RMA7,concatenate189,-17.8207,-18.431
RMA7,concatenate189,-14.4236,-94.3796
RMA7,concatenate189,-16.4152,-71.9572
RMA7,concatenate189,-16.7525,-20.4147
RMA7,concatenate189,-19.3465,-17.5155
RMA7,concatenate189,-17.8769,-19.7079
RMA7,concatenate189,-136.116,-25.0324
RMA7,concatenate189,-20.4227,-123.572
RMA7,concatenate189,-20.5191,-16.8569
RMA7,concatenate189,-19.0976,-17.2665
RMA7,concatenate189,-92.7815,-16.4875
RMA7,concatenate189,-19.459,-17.0176
RMA7,concatenate189,-21.0893,-18.6478
RMA7,concatenate189,-20.503,-10.127
RMA7,concatenate189,-20.4227,-113.806
RMA7,concatenate189,-18.8004,-20.0211
RMA7,concatenate189,-24.3659,-21.3141
RMA7,concatenate189,-20.3103,-17.2585
RMA7,concatenate189,-20.2942,-21.5149
RMA7,concatenate189,-29.4655,-21.531
RMA7,concatenate189,-29.7707,-18.7844
RMA7,concatenate189,-24.5506,-22.7195
RMA7,concatenate189,-21.274,-18.2222
RMA7,concatenate189,-22.2859,-19.8445
RMA7,concatenate189,-23.354,-16.6401
RMA7,concatenate189,-22.0128,-17.7404
RMA7,concatenate189,-20.2621,-10.4964
RMA7,concatenate189,-24.5426,-16.608
RMA7,concatenate189,-24.141,-18.6478
RMA7,concatenate189,-18.6398,-19.8605
RMA7,concatenate189,-26.4379,-23.3861
RMA7,concatenate189,-21.3141,-18.2624
RMA7,concatenate189,-22.4465,-24.2775
RMA7,concatenate189,-24.2213,-17.5075
RMA7,concatenate189,-20.495,-20.495
RMA7,concatenate189,-18.4069,-17.1862
RMA7,concatenate189,-20.7198,-14.006
RMA7,concatenate189,-19.3787,-19.989
RMA7,concatenate189,-26.1086,-17.5637
RMA7,concatenate189,-19.0574,-13.5643
RMA7,concatenate189,-18.3266,-15.2749
RMA7,concatenate189,-21.9566,-16.4634
RMA7,concatenate189,-27.4819,-93.3998
RMA7,concatenate189,-21.4747,-17.8126
RMA7,concatenate189,-16.3751,-40.1788
RMA7,concatenate189,-17.7163,-100.114
RMA7,concatenate189,-17.8287,-13.5562
RMA7,concatenate189,-24.7674,-16.8329
RMA7,concatenate189,-19.7561,-13.6526
RMA7,concatenate189,-19.21,-75.3624
RMA7,concatenate189,-18.4631,-15.4114
RMA7,concatenate189,-20.3665,-17.3147
RMA7,concatenate189,-21.1937,-14.4798
RMA7,concatenate189,-20.4869,-24.149
RMA7,concatenate189,-18.2784,-15.2267
RMA7,concatenate189,-24.4301,-12.2231
RMA7,concatenate189,-18.6639,-19.2743
RMA7,concatenate189,-19.981,-16.9292
RMA7,concatenate189,-20.8162,-26.9197
RMA7,concatenate189,-22.8641,-19.202
RMA7,concatenate189,-25.0726,-20.1898
RMA7,concatenate189,-20.768,-12.8334
RMA7,concatenate189,-20.9045,-16.0217
RMA7,concatenate189,-20.1416,-15.2588
RMA7,concatenate189,-23.7475,-19.475
RMA7,concatenate189,-24.7433,-19.2502
RMA7,concatenate189,-21.4105,-20.1898
RMA7,concatenate189,-19.4349,-17.6038
RMA7,concatenate189,-21.7639,-21.7639
RMA7,concatenate189,-20.8082,-17.7564
RMA7,concatenate189,-27.4498,-140.975
RMA7,concatenate189,-22.8239,-18.5515
RMA7,concatenate189,-20.495,-25.3778
RMA7,concatenate189,-25.3537,-19.8605
RMA7,concatenate189,-20.2621,-19.6517
RMA7,concatenate189,-25.2493,-20.3665
RMA7,concatenate189,-22.3903,-19.9489
RMA7,concatenate189,-20.8403,-17.7885
RMA7,concatenate189,-23.627,-18.7442
RMA7,concatenate189,-22.9605,-19.9087
RMA7,concatenate189,-21.3221,-21.9325
RMA7,concatenate189,-21.547,-20.9367
RMA7,concatenate189,-41.2389,-23.5387
RMA7,concatenate189,-27.3614,-20.0372
RMA7,concatenate189,-20.9929,-17.3308
RMA7,concatenate189,-17.8688,-13.5964
RMA7,concatenate189,-19.3224,-15.6603
RMA7,concatenate189,-19.997,-18.7763
RMA7,concatenate189,-20.6395,-15.1464
RMA7,concatenate189,-26.5182,-21.025
RMA7,concatenate189,-23.7234,-18.8406
RMA7,concatenate189,-18.2061,-19.4268
RMA7,concatenate189,-23.5307,-29.6342
RMA7,concatenate189,-20.3906,-21.6113
RMA7,concatenate189,-24.8156,-19.3224
RMA7,concatenate189,-26.0122,-19.2984
RMA7,concatenate189,-20.238,-16.5759
RMA7,concatenate189,-17.1461,-18.3668
RMA7,concatenate189,-16.6883,-14.2469
RMA7,concatenate189,-17.7885,-18.3989
RMA7,concatenate189,-19.0655,-19.0655
RMA7,concatenate189,-15.1062,-15.1062
RMA7,concatenate189,-23.1934,-107.422
RMA7,concatenate189,-19.9328,-19.3224
RMA7,concatenate189,-23.8519,-70.849
RMA7,concatenate189,-21.9727,-17.0898
RMA7,concatenate189,-21.0089,-21.0089
RMA7,concatenate189,-24.3659,-15.821
RMA7,concatenate189,-26.743,-16.3671
RMA7,concatenate189,-18.3748,-14.1023
RMA7,concatenate189,-18.7844,-31.6018
RMA7,concatenate189,-17.1621,-16.5518
RMA7,concatenate189,-18.9048,-67.1226
RMA7,concatenate189,-19.3224,-18.7121
RMA7,concatenate189,-22.1895,-22.1895
RMA7,concatenate189,-20.4468,-21.0571
RMA7,concatenate189,-19.6035,-20.2139
RMA7,concatenate189,-19.475,-18.2543
RMA7,concatenate189,-23.5226,-112.634
RMA7,concatenate189,-23.6029,-22.9926
RMA7,concatenate189,-20.0693,-15.1865
RMA7,concatenate189,-24.3819,-22.5509
RMA7,concatenate189,-24.6148,-19.732
RMA7,concatenate189,-21.2579,-52.3858
RMA7,concatenate189,-20.1818,-15.2989
RMA7,concatenate189,-23.0247,-23.6351
RMA7,concatenate189,-35.6012,-41.7047
RMA7,concatenate189,-20.9447,-14.8412
RMA7,concatenate189,-17.0256,-20.6877
RMA7,concatenate189,-18.439,-132.575
RMA7,concatenate189,-19.8364,-21.6675
RMA7,concatenate189,-21.9807,-15.8772
RMA7,concatenate189,-13.9096,-13.2992
RMA7,concatenate189,-21.3221,-14.6083
RMA7,concatenate189,-22.2859,-19.2341
RMA7,concatenate189,-17.8769,-15.4355
RMA7,concatenate189,-19.5875,-18.3668
RMA7,concatenate189,-20.7118,-15.829
RMA7,concatenate189,-21.4025,-21.4025
RMA7,concatenate189,-16.1422,-18.5836
RMA7,concatenate189,-18.6077,-12.5042
RMA7,concatenate189,-18.9851,-16.5437
RMA7,concatenate189,-18.68,-16.2386
RMA7,concatenate189,-18.9771,-15.9254
RMA7,concatenate189,-20.2139,-18.9932
RMA7,concatenate189,-18.3668,-15.315
RMA7,concatenate189,-20.511,-22.9524
RMA7,concatenate189,-24.3016,-17.5878
RMA7,concatenate189,-19.3224,-18.7121
RMA7,concatenate189,-21.274,-101.23
RMA7,concatenate189,-24.8799,-21.2177
RMA7,concatenate189,-17.5878,-16.9774
RMA7,concatenate189,-19.0895,-20.3103
RMA7,concatenate189,-14.3754,-14.3754
RMA7,concatenate189,-22.1895,-17.3067
RMA7,concatenate189,-20.6074,-18.166
RMA7,concatenate189,-19.194,-11.2594
RMA7,concatenate189,-20.9768,-17.3147
RMA7,concatenate189,-20.6154,-21.8361
RMA7,concatenate189,-21.033,-20.4227
RMA7,concatenate189,-25.6107,-19.5072
RMA7,concatenate189,-26.2451,-23.8037
RMA7,concatenate189,-19.732,-19.1217
RMA7,concatenate189,-19.8445,-24.1169
RMA7,concatenate189,-24.9521,-23.7314
RMA7,concatenate189,-19.8525,-21.0732
RMA7,concatenate189,-22.0449,-19.6035
RMA7,concatenate189,-19.7641,-20.3745
RMA7,concatenate189,-21.1455,-19.3144
RMA7,concatenate189,-18.6719,-17.4512
RMA7,concatenate189,-21.0652,-14.9616
RMA7,concatenate189,-20.4869,-10.111
RMA7,concatenate189,-19.6035,-15.9414
RMA7,concatenate189,-19.4108,-18.8004
RMA7,concatenate189,-20.0452,-20.0452
RMA7,concatenate189,-24.8156,-16.2707
RMA7,concatenate189,-20.5351,-17.4834
RMA7,concatenate189,-22.4706,-19.4188
RMA7,concatenate189,-23.4343,-19.7722
RMA7,concatenate189,-21.0009,-18.5595
RMA7,concatenate189,-23.8037,-77.5146
RMA7,concatenate189,-23.9724,-100.877
RMA7,concatenate189,-41.6003,-95.3112
RMA7,concatenate189,-108.892,-18.5595
RMA7,concatenate189,-27.4016,-130.551
RMA7,concatenate189,-22.5429,-22.5429
RMA7,concatenate189,-27.4417,-64.6732
RMA7,concatenate189,-67.1949,-18.9771
RMA8,25611019,-51.07678986,-54.12854767
RMA8,25611019,-39.62466431,-54.27310181
RMA8,25611019,-104.4905777,-38.57261276
RMA8,25611019,-37.4402504,-31.33673477
RMA8,25611019,-66.43997955,-62.16751862
RMA8,25611019,-62.56103516,-54.62646484
RMA8,25611019,-87.18389893,-19.4348793
RMA8,25611019,-38.36380768,-32.26029205
RMA8,25611019,-42.67642212,-70.14224243
RMA8,25611019,-35.52085495,-52.6106987
RMA8,25611019,-56.06400299,-42.02591705
RMA8,25611019,-45.70409012,-42.04198074
RMA8,25611019,-73.93284607,-34.25999832
RMA8,25611019,-42.58808517,-85.9230423
RMA8,25611019,-66.96199036,-26.67878723
RMA8,25611019,-58.14401627,-40.44382095
RMA8,25611019,-43.2305603,-48.72372437
RMA8,25611019,-57.60594559,-31.97117805
RMA8,25611019,-64.93819427,-24.65499115
RMA8,25611019,-63.76567459,-58.27251053
RMA8,25611019,-56.41736603,-46.04138947
RMA8,25611019,-42.83704376,-29.40930748
RMA8,25611019,-39.07856369,-53.72700119
RMA8,25611019,-40.19486237,-53.62259674
RMA8,25611019,-56.66632462,-31.03155899
RMA8,25611019,-48.49082565,-39.33555222
RMA8,25611019,-64.48846436,-19.93279648
RMA8,25611019,-35.69753647,-22.26980019
RMA8,25611019,-67.4358139,-37.52859116
RMA8,25611019,-56.76269531,-61.64550781
RMA8,25611019,-24.25344276,-34.01906967
RMA8,25611019,-43.75257111,-26.66272545
RMA8,25611019,-41.44768906,-59.14788437
RMA8,25611019,-43.74453735,-48.01699829
RMA8,25611019,-58.10386276,-40.40366745
RMA8,25611019,-61.9346199,-30.19634056
RMA8,25611019,-45.57559204,-41.3031311
RMA8,25611019,-63.73355103,-38.0987854
RMA8,25611019,-60.93878555,-34.69366837
RMA8,25611019,-60.89863205,-41.36738205
RMA8,25611019,-41.13448334,-27.70674896
RMA8,25611019,-41.79301834,-24.09282494
RMA8,25611019,-54.53812408,-30.12406158
RMA8,25611019,-37.31978607,-35.48873138
RMA8,25611019,-37.36796951,-22.10918236
RMA8,25611019,-58.44919205,-35.86618423
RMA8,25611019,-52.54645157,-51.93610001
RMA8,25611019,-61.16365051,-23.32185364
RMA8,25611019,-38.37183762,-34.70972824
RMA8,25611019,-39.18296432,-37.35190964
RMA8,25611019,-42.21062851,-34.88640976
RMA8,25611019,-46.41884232,-20.78407669
RMA8,25611019,-23.6430912,-15.70852184
RMA8,25611019,-55.84716797,-19.83642578
RMA8,25611019,-57.76656342,-36.40425873
RMA8,25611019,-31.28854942,-28.23679161
RMA8,25611019,-70.47151184,-24.69514465
RMA8,25611019,-44.53157043,-21.94856262
RMA8,25611019,-47.73591614,-34.91853333
RMA8,25611019,-62.9947052,-48.3462677
RMA8,concatenate190,-39.45601654,-32.13179779
RMA8,concatenate190,-41.10235977,-33.16778946
RMA8,concatenate190,-49.10920715,-39.95393372
RMA8,concatenate190,-48.57113647,-33.92269897
RMA8,concatenate190,-43.82484818,-27.95570755
RMA8,concatenate190,-43.64816666,-34.49289322
RMA8,concatenate190,-46.00123215,-31.35279655
RMA8,concatenate190,-43.28677368,-32.91079712
RMA8,concatenate190,-42.34715652,-40.51610184
RMA8,concatenate190,-38.87778854,-30.33286667
RMA8,concatenate190,-37.76951981,-29.22459602
RMA8,concatenate190,-34.66957474,-27.95570755
RMA8,concatenate190,-37.26356888,-28.10829544
RMA8,concatenate190,-34.87837982,-28.7748642
RMA8,concatenate190,-36.62912369,-32.96701431
RMA8,concatenate190,-35.71359634,-28.99973106
RMA8,concatenate190,-41.8813591,-34.55714035
RMA8,concatenate190,-47.71985626,-76.4063797
RMA8,concatenate190,-71.94920349,-31.66600227
RMA8,concatenate190,-44.51551056,-36.58094025
RMA8,concatenate190,-39.19099426,-28.8150177
RMA8,concatenate190,-37.01461029,-32.13179779
RMA8,concatenate190,-34.07528687,-27.36141777
RMA8,concatenate190,-34.8944397,-28.18057442
RMA8,concatenate190,-41.51996994,-36.02680588
RMA8,concatenate190,-34.14756393,-28.65439987
RMA8,concatenate190,-33.1758194,-28.90335846
RMA8,concatenate190,-39.88165665,-24.62286758
RMA8,concatenate190,-34.46879959,-27.75493431
RMA8,concatenate190,-35.60919571,-26.45392227
RMA8,concatenate190,-56.80284882,-25.67492104
RMA8,concatenate190,-34.76594543,-25.00032043
RMA8,concatenate190,-32.50925064,-25.1850338
RMA8,concatenate190,-27.60234642,-37.97832108
RMA8,concatenate190,-20.22994232,-33.04732513
RMA8,concatenate190,-32.18801498,-45.0053978
RMA8,concatenate190,-32.80639648,-21.2097168
RMA8,concatenate190,-31.36885834,-24.04463959
RMA8,concatenate190,-37.12704468,-37.12704468
RMA8,concatenate190,-38.86172485,-26.04434395
RMA8,concatenate190,-39.65678787,-48.20170975
RMA8,concatenate190,-38.01044846,-36.78974533
RMA8,concatenate190,-38.29153061,-59.6538353
RMA8,concatenate190,-36.25970078,-33.81829453
RMA8,concatenate190,-41.28707123,-40.67671967
RMA8,concatenate190,-39.76119232,-35.48873138
RMA8,concatenate190,-38.22728348,-51.65501785
RMA8,concatenate190,-36.9985466,-29.0639782
RMA8,concatenate190,-39.17493439,-41.00598907
RMA8,concatenate190,-40.05833817,-30.90306282
RMA8,concatenate190,-52.41795731,-31.05565071
RMA8,concatenate190,-41.79301834,-32.02739334
RMA8,concatenate190,-30.75850677,-40.52413177
RMA8,concatenate190,-31.07171249,-23.74749374
RMA8,concatenate190,-39.99409103,-29.61811256
RMA8,concatenate190,-38.27546692,-26.06843567
RMA8,concatenate190,-33.48099518,-27.37747955
RMA8,concatenate190,-41.28707123,-30.91109467
RMA8,concatenate190,-44.25851822,-28.3893795
RMA8,concatenate190,-33.19188309,-28.30906868
RMA8,concatenate190,-35.376297,-34.76594543
RMA8,concatenate190,-36.29985428,-30.19634056
RMA8,concatenate190,-28.16451263,-20.22994232
RMA8,concatenate190,-61.13152695,-28.78289413
RMA8,concatenate190,-36.67731094,-49.49469376
RMA8,concatenate190,-34.91853333,-31.86677551
RMA8,concatenate190,-59.81445313,-36.01074219
RMA8,concatenate190,-53.77518463,-32.41287994
RMA8,concatenate190,-52.81147385,-47.31830978
RMA8,concatenate190,-32.00330353,-17.35486412
RMA8,concatenate190,-33.70586014,-28.82304955
RMA8,concatenate190,-49.75971603,-30.22846413
RMA8,concatenate190,-45.74424362,-31.70615768
RMA8,concatenate190,-30.45333099,-22.51876068
RMA8,concatenate190,-26.60651016,-29.65826797
RMA8,concatenate190,-29.21656609,-23.11305046
RMA8,concatenate190,-26.23708534,-38.4441185
RMA8,concatenate190,-36.32394791,-22.89621544
RMA8,concatenate190,-30.12406158,-42.33109283
RMA8,concatenate190,-38.54851913,-25.73113632
RMA8,concatenate190,-33.41674805,-30.9753418
RMA8,concatenate190,-38.17909622,-42.45155716
RMA8,concatenate190,-32.24423218,-36.51669312
RMA8,concatenate190,-37.94619751,-27.57022285
RMA8,concatenate190,-32.83049011,-33.44084167
RMA8,concatenate190,-31.07171249,-51.21331406
RMA8,concatenate190,-56.3932724,-37.47237396
RMA8,concatenate190,-25.07259941,-23.85189629
RMA8,concatenate190,-35.27189636,-33.44084167
RMA8,concatenate190,-40.5482254,-26.51013756
RMA8,concatenate190,-27.78705788,-32.05952072
RMA8,concatenate190,-40.91764832,-15.28288174
RMA8,concatenate190,-42.24275208,-22.10115051
RMA8,concatenate190,-27.70674896,-20.99288177
RMA8,concatenate190,-22.70347214,-17.21030807
RMA8,concatenate190,-25.27337265,-29.54583359
RMA8,concatenate190,-22.49466705,-25.54642487
RMA8,concatenate190,-29.99556732,-36.70943451
RMA8,concatenate190,-37.10295105,-26.72697449
RMA8,concatenate190,-32.40485001,-36.67731094
RMA8,concatenate190,-34.19575119,-28.09223366
RMA8,concatenate190,-24.81560898,-22.98455429
RMA8,concatenate190,-43.51164246,-20.31828308
RMA8,concatenate190,-45.69605637,-54.24097824
RMA8,concatenate190,-26.56635475,-22.90424538
RMA8,concatenate190,-26.94380951,-20.22994232
RMA8,concatenate190,-40.0262146,-29.65023613
RMA8,concatenate190,-30.52560997,-32.35666275
RMA8,concatenate190,-20.64755058,-20.64755058
RMA8,concatenate190,-32.29241562,-30.46136093
RMA8,concatenate190,-26.8474369,-22.57497597
RMA8,concatenate190,-31.22430038,-21.45867538
RMA8,concatenate190,-28.96760559,-24.69514465
RMA8,concatenate190,-32.51728439,-17.86884499
RMA8,concatenate190,-40.33942032,-28.74274063
RMA8,concatenate190,-24.32572174,-17.00150299
RMA8,concatenate190,-22.16539955,-20.94469643
RMA8,concatenate190,-26.7109127,-35.25583267
RMA8,concatenate190,-26.45392227,-27.6746254
RMA8,concatenate190,-38.37183762,-24.94410515
RMA8,concatenate190,-24.72727013,-18.01340294
RMA8,concatenate190,-36.14726639,-30.65410423
RMA8,concatenate190,-22.34207916,-23.56278229
RMA8,concatenate190,-34.00300598,-8.978592873
RMA8,concatenate190,-39.640728,-20.71982956
RMA8,concatenate190,-20.75195313,-14.6484375
RMA8,concatenate190,-26.19693184,-25.58658028
RMA8,concatenate190,-31.97117805,-22.20555305
RMA8,concatenate190,-51.08481979,-19.34653854
RMA8,concatenate190,-30.01965904,-39.78528595
RMA8,concatenate190,-20.58330345,-26.68681908
RMA8,concatenate190,-30.03572083,-19.65974426
RMA8,concatenate190,-31.6900959,-22.53482246
RMA8,concatenate190,-31.25642395,-23.32185364
RMA8,concatenate190,-26.35754967,-27.57825279
RMA8,concatenate190,-26.94380951,-22.67134857
RMA8,concatenate190,-22.06902695,-23.28973007
RMA8,concatenate190,-27.80311966,-16.81679153
RMA8,concatenate190,-20.02916908,-18.1981144
RMA8,concatenate190,-24.3176918,-13.94171429
RMA8,concatenate190,-42.78082657,-23.24957657
RMA8,concatenate190,-24.86379433,-18.14992714
RMA8,concatenate190,-15.62018108,-10.73736858
RMA8,concatenate190,-58.9792366,-24.18919563
RMA8,concatenate190,-23.77158737,-23.77158737
RMA8,concatenate190,-24.54255676,-23.32185364
RMA8,concatenate190,-25.62673378,-28.67849159
RMA8,concatenate190,-37.5205574,-12.49614525
RMA8,concatenate190,-24.09282494,-18.59966087
RMA8,concatenate190,-48.59522629,-27.23292351
RMA8,concatenate190,-34.10741043,-26.78318977
RMA8,concatenate190,-14.39947796,-10.73736858
RMA8,concatenate190,-34.88640976,-32.44500351
RMA8,concatenate190,-36.94233322,-24.1249485
RMA8,concatenate190,-38.37183762,-20.67164421
RMA8,concatenate190,-28.13238907,-21.41852188
RMA8,concatenate190,-37.53662109,-35.70556641
RMA8,concatenate190,-19.26622963,-16.82482338
RMA8,concatenate190,-22.09312057,-20.26206589
RMA8,concatenate190,-30.87093925,-15.61215019
RMA8,concatenate190,-35.73768997,-14.98573685
RMA8,concatenate190,-24.39800072,-21.3462429
RMA8,concatenate190,-29.65023613,-19.27425957
RMA8,concatenate190,-27.68265533,-20.96878815
RMA8,concatenate190,-22.09312057,-15.98960495
RMA8,concatenate190,-24.71923828,-20.44677734
RMA8,concatenate190,-25.39383698,-26.6145401
RMA8,concatenate190,-39.640728,-45.74424362
RMA8,concatenate190,-14.67253017,-13.45182705
RMA8,concatenate190,-22.96849251,-46.16185379
RMA8,concatenate190,-40.34745026,-19.59549713
RMA8,concatenate190,-25.77932167,-18.45510292
RMA8,concatenate190,-26.29330254,-14.69662285
RMA8,concatenate190,-40.05030441,-22.96046257
RMA8,concatenate190,-31.00746536,-19.41078568
RMA8,concatenate190,-19.2983532,-18.68800163
RMA8,concatenate190,-23.87598991,-20.21388054
RMA8,concatenate190,-24.08479309,-21.03303528
RMA8,concatenate190,-20.17372513,-26.27724075
RMA8,concatenate190,-20.98484993,-21.59520149
RMA8,concatenate190,-27.7147789,-7.573177814
RMA8,concatenate190,-38.30759048,-23.04880333
RMA8,concatenate190,-24.15707207,-20.49496269
RMA8,concatenate190,-28.718647,-22.61513138
RMA8,concatenate190,-37.41615677,-22.15736771
RMA8,concatenate190,-35.376297,-25.00032043
RMA8,concatenate190,-34.95065689,-22.74362755
RMA8,concatenate190,-26.43786049,-38.03453827
RMA8,concatenate190,-21.07319069,-22.90424538
RMA8,concatenate190,-20.12553978,-24.39800072
RMA8,concatenate190,-18.60769081,-46.68386459
RMA8,concatenate190,-22.41435814,-23.0247097
RMA8,concatenate190,-27.18473816,-19.86051941
RMA8,concatenate190,-36.9021759,-23.47444153
RMA8,concatenate190,-32.86261368,-23.70734024
RMA8,concatenate190,-31.51341438,-20.52708626
RMA8,concatenate190,-49.80789948,-27.83524323
RMA8,concatenate190,-24.81560898,-23.59490585
RMA8,concatenate190,-35.23173904,-44.38701248
RMA8,concatenate190,-37.64905548,-21.77991295
RMA8,concatenate190,-34.63745117,-20.59936523
RMA8,concatenate190,-24.10085487,-16.77663612
RMA8,concatenate190,-30.84684753,-14.97770596
RMA8,concatenate190,-17.02559662,-13.36348724
RMA8,concatenate190,-16.76057434,-16.76057434
RMA8,concatenate190,-34.38849258,-25.84357071
RMA8,concatenate190,-15.53184128,-13.70078659
RMA8,concatenate190,-24.13298035,-11.92594814
RMA8,concatenate190,-16.29478073,-38.87778854
RMA8,concatenate190,-17.2343998,-26.38967323
RMA8,concatenate190,-21.48276901,-15.98960495
RMA8,concatenate190,-18.49525833,-24.59877396
RMA8,concatenate190,-19.63565254,-20.85635567
RMA8,concatenate190,-22.03690338,-17.15409088
RMA8,concatenate190,-23.57081413,-19.90870476
RMA8,concatenate190,-22.61513138,-22.61513138
RMA8,concatenate190,-24.67105293,-23.45034981
RMA8,concatenate190,-22.7355957,-16.63208008
RMA8,concatenate190,-23.55475235,-37.59283829
RMA8,concatenate190,-21.90840912,-18.85665131
RMA8,concatenate190,-24.4140625,-20.75195313
RMA8,concatenate190,-26.2290554,-24.39800072
RMA8,concatenate190,-20.0131073,-42.59611511
RMA8,concatenate190,-46.01729584,-21.60323334
RMA8,concatenate190,-20.96878815,-17.91703033
RMA8,concatenate190,-19.21001244,-16.76860619
RMA8,concatenate190,-17.03362656,-18.86468124
RMA8,concatenate190,-19.21001244,-15.54790306
RMA8,concatenate190,-17.38698769,-31.42507362
RMA8,concatenate190,-17.29864883,-14.24689007
RMA8,concatenate190,-17.51548386,-18.12583542
RMA8,concatenate190,-17.67610168,-37.81770325
RMA8,concatenate190,-21.28199577,-18.84058952
RMA8,concatenate190,-20.31828308,-19.09757996
RMA8,concatenate190,-22.90424538,-21.68354225
RMA8,concatenate190,-19.52321815,-25.01638222
RMA8,concatenate190,-22.64725494,-20.20584869
RMA8,concatenate190,-15.45153141,-9.958367348
RMA8,concatenate190,-22.87212181,-27.75493431
RMA8,concatenate190,-22.24570847,-40.55625534
RMA8,concatenate190,-20.8242321,-25.7070446
RMA8,concatenate190,-41.42359543,-22.5026989
RMA8,concatenate190,-19.49109459,-20.10144615
RMA8,concatenate190,-20.18978691,-22.0208416
RMA8,concatenate190,-18.24629974,-17.02559662
RMA8,concatenate190,-20.0532608,-19.44290924
RMA8,concatenate190,-20.0131073,-15.74064541
RMA8,concatenate190,-20.88044739,-18.43904114
RMA8,concatenate190,-42.62823868,-22.48663712
RMA8,concatenate190,-18.51935196,-15.46759319
RMA8,concatenate190,-16.73648262,-14.29507637
RMA8,concatenate190,-18.40691757,-14.13445759
RMA8,concatenate190,-16.73648262,-13.68472481
RMA8,concatenate190,-16.60798645,-16.60798645
RMA8,concatenate190,-15.12226295,-14.51191139
RMA8,concatenate190,-19.63565254,-14.75284004
RMA8,concatenate190,-16.58389473,-12.92178535
RMA8,concatenate190,-19.53125,-15.86914063
RMA8,concatenate190,-15.82095528,-17.0416584
RMA8,concatenate190,-18.63981628,-16.19841003
RMA8,concatenate190,-17.96521568,-28.95154381
RMA8,concatenate190,-20.14160156,-16.47949219
RMA8,concatenate190,-17.63594818,-13.36348724
RMA8,concatenate190,-43.76863098,-15.0821085
RMA8,concatenate190,-16.08597565,-16.08597565
RMA8,concatenate190,-21.65944862,-17.38698769
RMA8,concatenate190,-41.75286484,-17.9491539
RMA8,concatenate190,-18.22220612,-15.1704483
RMA8,concatenate190,-16.42327499,-14.59222126
RMA8,concatenate190,-34.88640976,-19.6276207
RMA8,concatenate190,-13.61244583,-12.39174271
RMA8,concatenate190,-14.60828304,-12.77722836
RMA8,concatenate190,-15.20257282,-12.15081501
RMA8,concatenate190,-14.10233307,-13.49198151
RMA8,concatenate190,-16.84088516,-11.95807171
RMA8,concatenate190,-14.40750885,-10.74539948
RMA8,concatenate190,-14.33523083,-13.1145277
RMA8,concatenate190,-45.12586212,-15.21863461
RMA8,concatenate190,-24.82364082,-15.66836739
RMA8,concatenate190,-17.10590553,-15.27485085
RMA8,concatenate190,-19.17788887,-16.12613106
RMA8,concatenate190,-16.5196476,-15.90929508
RMA8,concatenate190,-17.35486412,-17.35486412
RMA8,concatenate190,-15.63624287,-12.58448505
RMA8,concatenate190,-14.42357159,-14.42357159
RMA8,concatenate190,-13.58835316,-16.02976036
RMA8,concatenate190,-65.12290192,-15.07407761
RMA8,concatenate190,-13.96580791,-14.57615948
RMA8,concatenate190,-15.75670719,-13.9256525
RMA8,concatenate190,-15.2266655,-12.78525925
RMA8,concatenate190,-12.77722836,-12.77722836
RMA8,concatenate190,-15.69246006,-12.64070225
RMA8,concatenate190,-15.71655273,-16.3269043
RMA8,concatenate190,-9.998522758,-9.388171196
RMA8,concatenate190,-17.44320488,-16.83285332
RMA8,concatenate190,-19.78824043,-14.90542793
RMA8,concatenate190,-20.88847923,-16.00566673
RMA8,concatenate190,-18.59966087,-16.76860619
RMA8,concatenate190,-19.73202324,-16.68026543